{
  "means": {
    "dust_mean": 0.5009826421737671,
    "dust_trend": 0.04987329989671707,
    "temp_mean": 40.05459213256836,
    "hum_mean": 54.92918395996094,
    "power_mean": 185.00889587402344
  },
  "stds": {
    "dust_mean": 0.22284118831157684,
    "dust_trend": 0.06041789799928665,
    "temp_mean": 9.061144828796387,
    "hum_mean": 17.867713928222656,
    "power_mean": 28.050067901611328
  }
}